{
    "name": "prettySocial",
    "version": "1.1.0",
    "title": "prettySocial - custom social share buttons.",
    "description": "Custom share buttons for Pinterest, Twitter, Facebook and Google Plus.",
    "keywords": [
        "twitter",
        "pinterest",
        "facebook",
        "googleplus",
        "share",
        "social"
    ],
    "author": {
        "name": "Sonny T.",
        "url": "https://sonnyt.com"
    },
    "licenses": [
        {
            "type": "MIT",
            "url": "http://ionden.com/a/licence-en.html"
        }
    ],
    "homepage": "http://sonnyt.com/prettysocial-plugin/",
    "docs": "https://github.com/sonnyt/prettySocial",
    "demo": "http://sonnyt.com/prettySocial",
    "dependencies": {
        "jquery": ">=1.7"
    }
}
